run,a,b,h,score_validation,score_test
0,0.01,0.0,0.0,0.8873071316410186,0.7931492299522039
0,0.01,0.0,0.25,0.8907541181650924,0.7964684014869888
0,0.01,0.0,0.5,0.8942895220189626,0.7993892724375996
0,0.01,0.0,0.75,0.8980902950747678,0.8040361125862985
0,0.01,0.0,1.0,0.9007421116933969,0.8057620817843866
0,0.01,0.0,1.25,0.9004770550582487,0.8074880509824748
0,0.01,0.0,1.5,0.899946668292014,0.807222517259692
0,0.01,0.0,1.75,0.9004770941290972,0.8077535847052576
0,0.01,0.0,2.0,0.9013610330019736,0.8084174190122145
0,0.01,0.25,0.0,0.88766068374766,0.7934147636749868
0,0.01,0.25,0.25,0.8909309137538373,0.7971322357939459
0,0.01,0.25,0.5,0.894377900277911,0.7992565055762082
0,0.01,0.25,0.75,0.8981786733337161,0.8036378120021243
0,0.01,0.25,1.0,0.9005653161046521,0.8061603823685608
0,0.01,0.25,1.25,0.9004770159874005,0.8070897503983006
0,0.01,0.25,1.5,0.9001234248099106,0.8073552841210834
0,0.01,0.25,1.75,0.9008306071648903,0.8074880509824748
0,0.01,0.25,2.0,0.9016261677788184,0.8088157195963888
0,0.01,0.5,0.0,0.8878374402655567,0.7940785979819437
0,0.01,0.5,0.25,0.8911960876015306,0.7968667020711631
0,0.01,0.5,0.5,0.8942011437600144,0.7993892724375996
0,0.01,0.5,0.75,0.8982670515926644,0.8037705788635157
0,0.01,0.5,1.0,0.9008304508814969,0.8066914498141264
0,0.01,0.5,1.25,0.9009189463529902,0.807222517259692
0,0.01,0.5,1.5,0.9003001813278072,0.8073552841210834
0,0.01,0.5,1.75,0.9014492940483766,0.807886351566649
0,0.01,0.5,2.0,0.9016261677788184,0.8084174190122145
0,0.01,0.75,0.0,0.8879258575953534,0.7943441317047265
0,0.01,0.75,0.25,0.8914612614492239,0.7966011683483802
0,0.01,0.75,0.5,0.894377900277911,0.7992565055762082
0,0.01,0.75,0.75,0.8988856994053025,0.8044344131704726
0,0.01,0.75,1.0,0.9009188291404453,0.8069569835369091
0,0.01,0.75,1.25,0.9012724984596318,0.807222517259692
0,0.01,0.75,1.5,0.9006537334344487,0.807222517259692
0,0.01,0.75,1.75,0.9015377113781733,0.807886351566649
0,0.01,0.75,2.0,0.9017145460377668,0.8082846521508231
0,0.01,1.0,0.0,0.88810261411325,0.7938130642591609
0,0.01,1.0,0.25,0.8915496787790204,0.7972650026553372
0,0.01,1.0,0.5,0.8944662785368592,0.7996548061603823
0,0.01,1.0,0.75,0.8990624559231991,0.8046999468932554
0,0.01,1.0,1.0,0.9009188291404453,0.8073552841210834
0,0.01,1.0,1.25,0.9010957419417351,0.8070897503983006
0,0.01,1.0,1.5,0.9007421116933969,0.8076208178438662
0,0.01,1.0,1.75,0.9017145069669181,0.8081518852894317
0,0.01,1.0,2.0,0.9018913025556634,0.8082846521508231
0,0.01,1.25,0.0,0.8881909142305016,0.7940785979819437
0,0.01,1.25,0.25,0.8920800655452552,0.7973977695167286
0,0.01,1.25,0.5,0.8945546567958076,0.8000531067445565
0,0.01,1.25,0.75,0.8993276297708924,0.8048327137546468
0,0.01,1.25,1.0,0.9011838857755935,0.807222517259692
0,0.01,1.25,1.25,0.9011841202006835,0.807222517259692
0,0.01,1.25,1.5,0.9009188682112935,0.8076208178438662
0,0.01,1.25,1.75,0.9019796417437631,0.8082846521508231
0,0.01,1.25,2.0,0.9019796808146117,0.8082846521508231
0,0.01,1.5,0.0,0.88766068374766,0.7932819968135953
0,0.01,1.5,0.25,0.8922568220631518,0.7971322357939459
0,0.01,1.5,0.5,0.8948198697143491,0.800185873605948
0,0.01,1.5,0.75,0.8995044253596373,0.8046999468932554
0,0.01,1.5,1.0,0.9017142725418283,0.8069569835369091
0,0.01,1.5,1.25,0.9012724984596318,0.807222517259692
0,0.01,1.5,1.5,0.9011840420589868,0.8084174190122145
0,0.01,1.5,1.75,0.9020679809318631,0.8081518852894317
0,0.01,1.5,2.0,0.9018913025556632,0.8085501858736059
0,0.01,1.75,0.0,0.8874838881589152,0.7932819968135953
0,0.01,1.75,0.25,0.8921684438042036,0.7966011683483802
0,0.01,1.75,0.5,0.8947314523845524,0.8011152416356877
0,0.01,1.75,0.75,0.899327590700044,0.8049654806160382
0,0.01,1.75,1.0,0.9018026508007766,0.8066914498141264
0,0.01,1.75,1.25,0.9015377113781733,0.8069569835369091
0,0.01,1.75,1.5,0.9014492549775284,0.8090812533191716
0,0.01,1.75,1.75,0.9025982504855529,0.8085501858736059
0,0.01,1.75,2.0,0.9023331938504049,0.8089484864577802
0,0.01,2.0,0.0,0.8874839663006119,0.7931492299522039
0,0.01,2.0,0.25,0.8922569002048485,0.7971322357939459
0,0.01,2.0,0.5,0.8947314523845524,0.8008497079129049
0,0.01,2.0,0.75,0.8992392124410957,0.805231014338821
0,0.01,2.0,1.0,0.9018026117299283,0.8064259160913436
0,0.01,2.0,1.25,0.9018028461550183,0.8069569835369091
0,0.01,2.0,1.5,0.9014492159066801,0.8089484864577802
0,0.01,2.0,1.75,0.9023331547795564,0.8084174190122145
0,0.01,2.0,2.0,0.9021564373325083,0.8088157195963888
0,0.25,0.0,0.0,0.9071941153051062,0.8324482209240573
0,0.25,0.0,0.25,0.9126741534226259,0.8405469994689325
0,0.25,0.0,0.5,0.9153258137578615,0.8432023366967605
0,0.25,0.0,0.75,0.9160330351836896,0.8437334041423261
0,0.25,0.0,1.0,0.9159446959955897,0.8398831651619756
0,0.25,0.0,1.25,0.916033074254538,0.8368295273499734
0,0.25,0.0,1.5,0.9149723007220683,0.8321826872012745
0,0.25,0.0,1.75,0.9140001008027887,0.8311205523101434
0,0.25,0.0,2.0,0.9124976704006678,0.8285979819437068
0,0.25,0.25,0.0,0.9082548497667275,0.8347052575677111
0,0.25,0.25,0.25,0.9157677050526031,0.845724907063197
0,0.25,0.25,0.5,0.9187729565653286,0.8499734466277217
0,0.25,0.25,0.75,0.919656895438205,0.851035581518853
0,0.25,0.25,1.0,0.9204523779104363,0.8502389803505045
0,0.25,0.25,1.25,0.9202757386050848,0.8461232076473713
0,0.25,0.25,1.5,0.9195685953209534,0.8430695698353691
0,0.25,0.25,1.75,0.9186848518023188,0.8392193308550185
0,0.25,0.25,2.0,0.9173590607055491,0.8362984599044079
0,0.25,0.5,0.0,0.9104644625238283,0.8348380244291025
0,0.25,0.5,0.25,0.917888978621604,0.8495751460435476
0,0.25,0.5,0.5,0.9214246169005642,0.8552841210833776
0,0.25,0.5,0.75,0.9228387862562821,0.8562134891131173
0,0.25,0.5,1.0,0.9233692511642136,0.8555496548061604
0,0.25,0.5,1.25,0.9231041163873688,0.8543547530536378
0,0.25,0.5,1.5,0.9231040773165204,0.8511683483802442
0,0.25,0.5,1.75,0.9225738077628305,0.848380244291025
0,0.25,0.5,2.0,0.9213364730667062,0.8447955390334573
0,0.25,0.75,0.0,0.9128506755154323,0.8378916622411047
0,0.25,0.75,0.25,0.921247899453516,0.8539564524694636
0,0.25,0.75,0.5,0.9237226860583101,0.8601964949548593
0,0.25,0.75,0.75,0.9246948469067414,0.8599309612320765
0,0.25,0.75,1.0,0.9259323378862593,0.859798194370685
0,0.25,0.75,1.25,0.926727976641884,0.859798194370685
0,0.25,0.75,1.5,0.925932416027956,0.8596654275092936
0,0.25,0.75,1.75,0.9249602551795247,0.8574083908656399
0,0.25,0.75,2.0,0.9238112206006518,0.8531598513011153
0,0.25,1.0,0.0,0.912762297256484,0.8352363250132767
0,0.25,1.0,0.25,0.9223084776317438,0.8571428571428571
0,0.25,1.0,0.5,0.9260209505702977,0.8633828996282528
0,0.25,1.0,0.75,0.9274349245717737,0.8640467339352098
0,0.25,1.0,1.0,0.9273464291002803,0.8657727031332979
0,0.25,1.0,1.25,0.9281420678559051,0.8655071694105151
0,0.25,1.0,1.5,0.9284956199625466,0.8644450345193839
0,0.25,1.0,1.75,0.9279652722671601,0.8615241635687733
0,0.25,1.0,2.0,0.9270814896776771,0.8604620286776421
0,0.25,1.25,0.0,0.9073707546104577,0.8170472650026553
0,0.25,1.25,0.25,0.9228389034688271,0.8559479553903345
0,0.25,1.25,0.5,0.9283191760114369,0.8678969729155602
0,0.25,1.25,0.75,0.9295563153533195,0.8693574083908656
0,0.25,1.25,1.0,0.9305285543434476,0.8701540095592141
0,0.25,1.25,1.25,0.930086545836161,0.8700212426978227
0,0.25,1.25,1.5,0.9305283589892058,0.8690918746680828
0,0.25,1.25,1.75,0.9301748459534126,0.8673659054699947
0,0.25,1.25,2.0,0.9290259285870848,0.865108868826341
0,0.25,1.5,0.0,0.8637971863519276,0.7223844928305895
0,0.25,1.5,0.25,0.9190381304130218,0.8321826872012745
0,0.25,1.5,0.5,0.92884960184852,0.8623207647371216
0,0.25,1.5,0.75,0.930528710626841,0.8709506107275624
0,0.25,1.5,1.0,0.9325615668660452,0.8716144450345193
0,0.25,1.5,1.25,0.9316776279931689,0.8742697822623473
0,0.25,1.5,1.5,0.9313238414614371,0.8725438130642592
0,0.25,1.5,1.75,0.9311470458726923,0.8701540095592141
0,0.25,1.5,2.0,0.9300864676944643,0.8692246415294742
0,0.25,1.75,0.0,0.6574147679211144,0.45472650026553374
0,0.25,1.75,0.25,0.8833303444134352,0.7588953797132236
0,0.25,1.75,0.5,0.9227509549892107,0.8430695698353691
0,0.25,1.75,0.75,0.9298219189803445,0.8639139670738184
0,0.25,1.75,1.0,0.9320312191706586,0.870817843866171
0,0.25,1.75,1.25,0.9323846540647551,0.8714816781731279
0,0.25,1.75,1.5,0.931854228227672,0.8737387148167818
0,0.25,1.75,1.75,0.9313237633197406,0.873473181093999
0,0.25,1.75,2.0,0.9301747678117159,0.8725438130642592
0,0.25,2.0,0.0,0.30175049121824077,0.18321826872012745
0,0.25,2.0,0.25,0.7624179854054753,0.5865639936271907
0,0.25,2.0,0.5,0.8963230033917403,0.7874402549123739
0,0.25,2.0,0.75,0.9254024981119013,0.8481147105682422
0,0.25,2.0,1.0,0.9296449671082063,0.8649761019649496
0,0.25,2.0,1.25,0.9326499060541451,0.868162506638343
0,0.25,2.0,1.5,0.9321193239336687,0.8714816781731279
0,0.25,2.0,1.75,0.9315888590257371,0.8738714816781731
0,0.25,2.0,2.0,0.9307049982945574,0.8717472118959108
0,0.5,0.0,0.0,0.9127624535398775,0.8409453000531067
0,0.5,0.0,0.25,0.9147070487326785,0.8454593733404142
0,0.5,0.0,0.5,0.9164748483367344,0.8451938396176314
0,0.5,0.0,0.75,0.9151489790982682,0.842671269251195
0,0.5,0.0,1.0,0.9139116444021438,0.8388210302708444
0,0.5,0.0,1.25,0.9137352004510338,0.8349707912904939
0,0.5,0.0,1.5,0.9123211483078612,0.8328465215082316
0,0.5,0.0,1.75,0.9103767875401502,0.8308550185873605
0,0.5,0.0,2.0,0.9077252444174595,0.8271375464684015
0,0.5,0.25,0.0,0.913999905448547,0.8438661710037175
0,0.5,0.25,0.25,0.9206288609323945,0.8548858204992034
0,0.5,0.25,0.5,0.9230152692782404,0.8578066914498141
0,0.5,0.25,0.75,0.9227501345013955,0.8566117896972916
0,0.5,0.25,1.0,0.9231039991748237,0.8556824216675518
0,0.5,0.25,1.25,0.9222202165853407,0.8528943175783325
0,0.5,0.25,1.5,0.921513151442906,0.8511683483802442
0,0.5,0.25,1.75,0.9199223427818367,0.8467870419543282
0,0.5,0.25,2.0,0.9178011082836839,0.8433351035581519
0,0.5,0.5,0.0,0.9111715276662631,0.83935209771641
0,0.5,0.5,0.25,0.9223966605364506,0.8579394583112055
0,0.5,0.5,0.5,0.927346038391797,0.8657727031332979
0,0.5,0.5,0.75,0.9275231856181769,0.8653744025491238
0,0.5,0.5,1.0,0.9279650378420701,0.8656399362719065
0,0.5,0.5,1.25,0.9269045768763873,0.8635156664896442
0,0.5,0.5,1.5,0.9265509466280489,0.8615241635687733
0,0.5,0.5,1.75,0.9267277031459455,0.8593998937865109
0,0.5,0.5,2.0,0.925136855414028,0.8551513542219862
0,0.5,0.75,0.0,0.9050725682401669,0.8244822092405736
0,0.5,0.75,0.25,0.9226615608882055,0.8564790228359002
0,0.5,0.75,0.5,0.9287602468183632,0.8648433351035582
0,0.5,0.75,0.75,0.9307051545779508,0.8700212426978227
0,0.5,0.75,1.0,0.9315887418131922,0.8710833775889538
0,0.5,0.75,1.25,0.9299093204680844,0.8696229421136484
0,0.5,0.75,1.5,0.9283184336653184,0.868162506638343
0,0.5,0.75,1.75,0.9279649597003734,0.8657727031332979
0,0.5,0.75,2.0,0.926992564426852,0.8648433351035582
0,0.5,1.0,0.0,0.8754633900290413,0.7770844397238449
0,0.5,1.0,0.25,0.9167396314759444,0.8433351035581519
0,0.5,1.0,0.5,0.927699863994377,0.8627190653212958
0,0.5,1.0,0.75,0.9298209812799844,0.8676314391927775
0,0.5,1.0,1.0,0.9306164246813674,0.8726765799256505
0,0.5,1.0,1.25,0.9311466160933606,0.8705523101433882
0,0.5,1.0,1.5,0.9307046857277708,0.870817843866171
0,0.5,1.0,1.75,0.9295556511488978,0.8702867764206054
0,0.5,1.0,2.0,0.929025498807753,0.8672331386086033
0,0.5,1.25,0.0,0.7082379320893957,0.5682421667551779
0,0.5,1.25,0.25,0.8861581752038423,0.7843866171003717
0,0.5,1.25,0.5,0.917358591855369,0.8458576739245884
0,0.5,1.25,0.75,0.9256668905426275,0.8603292618162507
0,0.5,1.25,1.0,0.9281416771474218,0.8653744025491238
0,0.5,1.25,1.25,0.92840673378257,0.8682952734997345
0,0.5,1.25,1.5,0.9296440684786944,0.8686935740839087
0,0.5,1.25,1.75,0.9298208640674395,0.8693574083908656
0,0.5,1.25,2.0,0.9295557292905945,0.8684280403611259
0,0.5,1.5,0.0,0.23687467595615158,0.1735262878385555
0,0.5,1.5,0.25,0.6553823805320903,0.5165958576739246
0,0.5,1.5,0.5,0.8635319343625376,0.7565055762081785
0,0.5,1.5,0.75,0.9093153498032589,0.8327137546468402
0,0.5,1.5,1.0,0.9200985523078564,0.8538236856080722
0,0.5,1.5,1.25,0.9231035693954919,0.8576739245884227
0,0.5,1.5,1.5,0.9244293214214132,0.8607275624004248
0,0.5,1.5,1.75,0.9244294777048065,0.8617896972915561
0,0.5,1.5,2.0,0.9246944952691065,0.8620552310143388
0,0.5,1.75,0.0,0.07141615806189838,0.06147105682421668
0,0.5,1.75,0.25,0.22573764784897396,0.16728624535315986
0,0.5,1.75,0.5,0.6169343996549262,0.4867233138608603
0,0.5,1.75,0.75,0.8272935271716261,0.7126925119490175
0,0.5,1.75,1.0,0.8896938525536511,0.8102761550716941
0,0.5,1.75,1.25,0.9098458928528871,0.8384227296866702
0,0.5,1.75,1.5,0.9135577797287155,0.8458576739245884
0,0.5,1.75,1.75,0.9147951534956883,0.8499734466277217
0,0.5,1.75,2.0,0.9155020232838813,0.8524960169941582
0,0.5,2.0,0.0,0.04056941072955823,0.038767923526287836
0,0.5,2.0,0.25,0.0738907883832991,0.06253319171534785
0,0.5,2.0,0.5,0.23006865138762073,0.17365905469994689
0,0.5,2.0,0.75,0.5806957580389248,0.4656133828996282
0,0.5,2.0,1.0,0.7863707987605164,0.6761816250663835
0,0.5,2.0,1.25,0.8623820011541529,0.7773499734466277
0,0.5,2.0,1.5,0.8894286005642613,0.8146574614976102
0,0.5,2.0,1.75,0.8976483256383296,0.8317843866171004
0,0.5,2.0,2.0,0.9011835732088066,0.8374933616569304
0,0.75,0.0,0.0,0.9120555056099878,0.8408125331917153
0,0.75,0.0,0.25,0.9146186704737301,0.841343600637281
0,0.75,0.0,0.5,0.9124976313298193,0.8377588953797133
0,0.75,0.0,0.75,0.9125861658721609,0.8347052575677111
0,0.75,0.0,1.0,0.9097579443732704,0.8307222517259693
0,0.75,0.0,1.25,0.9075484488287145,0.8268720127456187
0,0.75,0.0,1.5,0.9049852058232755,0.8244822092405736
0,0.75,0.0,1.75,0.9033059798324095,0.820631970260223
0,0.75,0.0,2.0,0.901891732334995,0.8163834306956984
0,0.75,0.25,0.0,0.9161213353009412,0.8465215082315454
0,0.75,0.25,0.25,0.920894073850936,0.8572756240042485
0,0.75,0.25,0.5,0.9225734561251956,0.8582049920339884
0,0.75,0.25,0.75,0.9225734561251956,0.8572756240042485
0,0.75,0.25,1.0,0.9216895953940158,0.8546202867764207
0,0.75,0.25,1.25,0.9205405608151429,0.8516994158258099
0,0.75,0.25,1.5,0.9188615301785186,0.8485130111524164
0,0.75,0.25,1.75,0.9173590216347008,0.8446627721720659
0,0.75,0.25,2.0,0.9157680957610864,0.8410780669144982
0,0.75,0.5,0.0,0.8995927645477373,0.8280669144981413
0,0.75,0.5,0.25,0.9189495177289835,0.8520977164099841
0,0.75,0.5,0.5,0.9243410213041615,0.8612586298459904
0,0.75,0.5,0.75,0.9262856164969625,0.8640467339352098
0,0.75,0.5,1.0,0.9261086646248241,0.8625862984599044
0,0.75,0.5,1.25,0.9249597472584963,0.8617896972915561
0,0.75,0.5,1.5,0.9248712908578514,0.8590015932023367
0,0.75,0.5,1.75,0.9246946906233481,0.8571428571428571
0,0.75,0.5,2.0,0.9238992081511167,0.8562134891131173
0,0.75,0.75,0.0,0.8436445599899665,0.7580987785448752
0,0.75,0.75,0.25,0.8960574779064121,0.8244822092405736
0,0.75,0.75,0.5,0.9136463924127538,0.8511683483802442
0,0.75,0.75,0.75,0.9221312913345157,0.8590015932023367
0,0.75,0.75,1.0,0.9253127914441095,0.8620552310143388
0,0.75,0.75,1.25,0.9251359177136678,0.8623207647371216
0,0.75,0.75,1.5,0.9237219046413433,0.8616569304301647
0,0.75,0.75,1.75,0.9231032958995534,0.8609930961232076
0,0.75,0.75,2.0,0.9230149567114536,0.8601964949548593
0,0.75,1.0,0.0,0.6172005112029797,0.5189856611789697
0,0.75,1.0,0.25,0.8152729509000556,0.7247742963356346
0,0.75,1.0,0.5,0.8782031941981353,0.8094795539033457
0,0.75,1.0,0.75,0.9025977816353729,0.8382899628252788
0,0.75,1.0,1.0,0.9132925668101738,0.8486457780138078
0,0.75,1.0,1.25,0.9160322928375711,0.852761550716941
0,0.75,1.0,1.5,0.9167393970508542,0.8548858204992034
0,0.75,1.0,1.75,0.9181535273357235,0.8564790228359002
0,0.75,1.0,2.0,0.9170930272991924,0.8564790228359002
0,0.75,1.25,0.0,0.24527240781526363,0.1970260223048327
0,0.75,1.25,0.25,0.5319969931075116,0.44702602230483274
0,0.75,1.25,0.5,0.7609163364203211,0.6601168348380244
0,0.75,1.25,0.75,0.8505384548964173,0.7716409984067977
0,0.75,1.25,1.0,0.88359477591501,0.8182421667551779
0,0.75,1.25,1.25,0.8987090600999512,0.832979288369623
0,0.75,1.25,1.5,0.9029514509545594,0.838024429102496
0,0.75,1.25,1.75,0.9034817205082492,0.8409453000531067
0,0.75,1.25,2.0,0.9049842290520669,0.8430695698353691
0,0.75,1.5,0.0,0.08697159119546247,0.07156133828996282
0,0.75,1.5,0.25,0.18384342279385477,0.14684014869888476
0,0.75,1.5,0.5,0.4242540886666018,0.34944237918215615
0,0.75,1.5,0.75,0.6657242778046715,0.5694370685077005
0,0.75,1.5,1.0,0.7983914922446319,0.7157461497610197
0,0.75,1.5,1.25,0.8551348276369991,0.7857142857142857
0,0.75,1.5,1.5,0.8741375989322717,0.8082846521508231
0,0.75,1.5,1.75,0.8834182147513552,0.8169144981412639
0,0.75,1.5,2.0,0.8873954708291187,0.8214285714285714
0,0.75,1.75,0.0,0.04949616187521318,0.043813064259160914
0,0.75,1.75,0.25,0.07221124982564633,0.06027615507169411
0,0.75,1.75,0.5,0.14769269058662143,0.12121614445034519
0,0.75,1.75,0.75,0.3341879299991053,0.2709771640998407
0,0.75,1.75,1.0,0.5605456322112576,0.4746415294742432
0,0.75,1.75,1.25,0.7204350695246211,0.6332979288369623
0,0.75,1.75,1.5,0.8044009794280262,0.7347318109399894
0,0.75,1.75,1.75,0.8444402378164397,0.7789431757833245
0,0.75,1.75,2.0,0.858051661819928,0.7936802973977695
0,0.75,2.0,0.0,0.043839445381493626,0.038767923526287836
0,0.75,2.0,0.25,0.04640253210353931,0.04275092936802974
0,0.75,2.0,0.5,0.06169333838128693,0.055762081784386616
0,0.75,2.0,0.75,0.1233870674710573,0.10302708443972385
0,0.75,2.0,1.0,0.2601200334602745,0.21548061603823684
0,0.75,2.0,1.25,0.45182970736325306,0.3908656399362719
0,0.75,2.0,1.5,0.6297510444614532,0.5473977695167286
0,0.75,2.0,1.75,0.734576411444164,0.6562665958576739
0,0.75,2.0,2.0,0.7945017157963049,0.724907063197026
0,1.0,0.0,0.0,0.908697209911649,0.8332448220924057
0,1.0,0.0,0.25,0.9075480971910794,0.8307222517259693
0,1.0,0.0,0.5,0.9062224623777034,0.8268720127456187
0,1.0,0.0,0.75,0.904719875692189,0.8235528412108338
0,1.0,0.0,1.0,0.9019799543105499,0.8199681359532661
0,1.0,0.0,1.25,0.9010076371787253,0.8151885289431758
0,1.0,0.0,1.5,0.8996818070111076,0.811603823685608
0,1.0,0.0,1.75,0.8980025028785448,0.807886351566649
0,1.0,0.0,2.0,0.8953509206850058,0.8050982474774296
0,1.0,0.25,0.0,0.9074594063653445,0.8412108337758896
0,1.0,0.25,0.25,0.9178889004799073,0.8519649495485927
0,1.0,0.25,0.5,0.9185077045759387,0.8526287838555496
0,1.0,0.25,0.75,0.9178889395507556,0.8499734466277217
0,1.0,0.25,1.0,0.916828400443376,0.8477164099840679
0,1.0,0.25,1.25,0.9157676659817546,0.8466542750929368
0,1.0,0.25,1.5,0.9142652355796337,0.8430695698353691
0,1.0,0.25,1.75,0.9138233833557404,0.8414763674986724
0,1.0,0.25,2.0,0.9119671664218878,0.8370950610727562
0,1.0,0.5,0.0,0.859553975009504,0.7861125862984599
0,1.0,0.5,0.25,0.8915501085583522,0.8281996813595327
0,1.0,0.5,0.5,0.9075477455534445,0.8459904407859798
0,1.0,0.5,0.75,0.9161212571592445,0.8519649495485927
0,1.0,0.5,1.0,0.9187726830693903,0.8552841210833776
0,1.0,0.5,1.25,0.9183307917746486,0.8530270844397239
0,1.0,0.5,1.5,0.9183309480580422,0.8528943175783325
0,1.0,0.5,1.75,0.9176238047739107,0.8506372809346787
0,1.0,0.5,2.0,0.9170049616070308,0.8489113117365905
0,1.0,0.75,0.0,0.6924172078955932,0.602761550716941
0,1.0,0.75,0.25,0.80811368679167,0.7338024429102497
0,1.0,0.75,0.5,0.8578748662311829,0.7950079660116834
0,1.0,0.75,0.75,0.8856278275084559,0.824614976101965
0,1.0,0.75,1.0,0.9004768987748554,0.8372278279341476
0,1.0,0.75,1.25,0.9075475501992027,0.8458576739245884
0,1.0,0.75,1.5,0.910287393439145,0.8474508762612852
0,1.0,0.75,1.75,0.9117901364080527,0.8474508762612852
0,1.0,0.75,2.0,0.9111712150994764,0.846388741370154
0,1.0,1.0,0.0,0.3332169412761242,0.28412108337758896
0,1.0,1.0,0.25,0.5590426157464115,0.48579394583112057
0,1.0,1.0,0.5,0.7248544903930644,0.6439192777482741
0,1.0,1.0,0.75,0.8097927174282942,0.7369888475836431
0,1.0,1.0,1.0,0.8487708115757547,0.7855815188528943
0,1.0,1.0,1.25,0.8729006158737823,0.8109399893786511
0,1.0,1.0,1.5,0.8865118835938773,0.8234200743494424
0,1.0,1.0,1.75,0.8923451612512517,0.830323951141795
0,1.0,1.0,2.0,0.8934943130426696,0.8344397238449283
0,1.0,1.25,0.0,0.12206237035804135,0.1048858204992034
0,1.0,1.25,0.25,0.24571414282661178,0.20910780669144982
0,1.0,1.25,0.5,0.42469644881152335,0.3671003717472119
0,1.0,1.25,0.75,0.5992590213612049,0.531465746149761
0,1.0,1.25,1.0,0.7251195470282127,0.6512214551248009
0,1.0,1.25,1.25,0.7963579718010059,0.7302177376526819
0,1.0,1.25,1.5,0.8334803960064905,0.7716409984067977
0,1.0,1.25,1.75,0.8516877239003804,0.7912904938927243
0,1.0,1.25,2.0,0.8645920827614338,0.8024429102496017
0,1.0,1.5,0.0,0.06885268063136928,0.06027615507169411
0,1.0,1.5,0.25,0.09103800694914108,0.07859798194370685
0,1.0,1.5,0.5,0.1702322332154566,0.14418481147105683
0,1.0,1.5,0.75,0.30838042347329686,0.2656664896441848
0,1.0,1.5,1.0,0.4641161998286353,0.40626659585767394
0,1.0,1.5,1.25,0.6128701718687548,0.5456718003186405
0,1.0,1.5,1.5,0.7184902789775784,0.6509559214020181
0,1.0,1.5,1.75,0.7820394826550829,0.7203929899097186
0,1.0,1.5,2.0,0.8153612900881555,0.7561072756240043
0,1.0,1.75,0.0,0.053384805268938317,0.04394583112055231
0,1.0,1.75,0.25,0.06080928229586556,0.05018587360594796
0,1.0,1.75,0.5,0.08051986107969164,0.06824216675517791
0,1.0,1.75,0.75,0.13178405698405088,0.11032926181625066
0,1.0,1.75,1.0,0.22874375892036306,0.19622942113648434
0,1.0,1.75,1.25,0.3554010954684458,0.3116038236856081
0,1.0,1.75,1.5,0.4842681619861744,0.43348380244291024
0,1.0,1.75,1.75,0.6141068032896092,0.5466011683483802
0,1.0,1.75,2.0,0.7043482337827653,0.6412639405204461
0,1.0,2.0,0.0,0.04560712777300462,0.040626659585767395
0,1.0,2.0,0.25,0.049495927450123135,0.04195432819968136
0,1.0,2.0,0.5,0.05444546158886293,0.04673393520977164
0,1.0,2.0,0.75,0.0692058420295274,0.057488050982474774
0,1.0,2.0,1.0,0.10296961889903819,0.09067976633032396
0,1.0,2.0,1.25,0.17359119311821702,0.15175252257036645
0,1.0,2.0,1.5,0.2668379141949471,0.22822623473181095
0,1.0,2.0,1.75,0.3786463748308721,0.33191715347849177
0,1.0,2.0,2.0,0.4890403926151408,0.4341476367498672
0,1.25,0.0,0.0,0.8998586416707006,0.8194370685077005
0,1.25,0.0,0.25,0.8988864026805727,0.8153212958045671
0,1.25,0.0,0.5,0.8966766727109269,0.8117365905469994
0,1.25,0.0,0.75,0.8948206120604676,0.8081518852894317
0,1.25,0.0,1.0,0.8937600338822396,0.8043016463090813
0,1.25,0.0,1.25,0.8919922733490321,0.8004514073287308
0,1.25,0.0,1.5,0.8908431996993107,0.798194370685077
0,1.25,0.0,1.75,0.8888103434601066,0.796202867764206
0,1.25,0.0,2.0,0.887307756774592,0.7934147636749868
0,1.25,0.25,0.0,0.8896058650031863,0.8240839086563994
0,1.25,0.25,0.25,0.9010961326502187,0.8364312267657993
0,1.25,0.25,0.5,0.907901649297721,0.8406797663303239
0,1.25,0.25,0.75,0.9100226884416319,0.8398831651619756
0,1.25,0.25,1.0,0.9100225712290868,0.8382899628252788
0,1.25,0.25,1.25,0.9087852756038106,0.8360329261816251
0,1.25,0.25,1.5,0.9073713016023346,0.8331120552310144
0,1.25,0.25,1.75,0.9068411492611897,0.8305894848645778
0,1.25,0.25,2.0,0.9053385625756754,0.8283324482209241
0,1.25,0.5,0.0,0.8010433088632609,0.7241104620286777
0,1.25,0.5,0.25,0.8459426682185607,0.7782793414763675
0,1.25,0.5,0.5,0.8767895718342944,0.8118693574083908
0,1.25,0.5,0.75,0.8923459035973702,0.8266064790228359
0,1.25,0.5,1.0,0.9029520760881329,0.8362984599044079
0,1.25,0.5,1.25,0.9085203752520558,0.8404142326075411
0,1.25,0.5,1.5,0.91117184023305,0.8409453000531067
0,1.25,0.5,1.75,0.9107297926549149,0.8420074349442379
0,1.25,0.5,2.0,0.9100226102999353,0.8404142326075411
0,1.25,0.75,0.0,0.5156453742264461,0.4512745618693574
0,1.25,0.75,0.25,0.6827828836864752,0.6034253850238981
0,1.25,0.75,0.5,0.7737312230386727,0.7033988316516198
0,1.25,0.75,0.75,0.8183657992547626,0.758364312267658
0,1.25,0.75,1.0,0.8469149072086888,0.7899628252788105
0,1.25,0.75,1.25,0.8703376072934335,0.8104089219330854
0,1.25,0.75,1.5,0.8825345884452653,0.8223579394583113
0,1.25,0.75,1.75,0.8904892568841858,0.8271375464684015
0,1.25,0.75,2.0,0.8944663566785559,0.8291290493892725
0,1.25,1.0,0.0,0.22078897326889768,0.19291024960169942
0,1.25,1.0,0.25,0.36158862850773194,0.3175783324482209
0,1.25,1.0,0.5,0.5136127133414836,0.4596388741370154
0,1.25,1.0,0.75,0.6490200445173245,0.5807222517259693
0,1.25,1.0,1.0,0.734487955043519,0.6692777482740307
0,1.25,1.0,1.25,0.7870779029737994,0.7271640998406798
0,1.25,1.0,1.5,0.8192504023320609,0.7634094530005311
0,1.25,1.0,1.75,0.8420541420373805,0.784784917684546
0,1.25,1.0,2.0,0.8566376096767551,0.7987254381306426
0,1.25,1.25,0.0,0.0903307073816163,0.08218268720127456
0,1.25,1.25,0.25,0.15175984868641854,0.128518321826872
0,1.25,1.25,0.5,0.25287344600584577,0.22530536378120022
0,1.25,1.25,0.75,0.3719296271508014,0.3299256505576208
0,1.25,1.25,1.0,0.4923996260138397,0.45034519383961763
0,1.25,1.25,1.25,0.6088043812486497,0.5537705788635157
0,1.25,1.25,1.5,0.6961287040629385,0.6336962294211365
0,1.25,1.25,1.75,0.7540211912467234,0.6955655868295274
0,1.25,1.25,2.0,0.7902597156501799,0.7351301115241635
0,1.25,1.5,0.0,0.06487546362445414,0.05616038236856081
0,1.25,1.5,0.25,0.07512835750451366,0.064259160913436
0,1.25,1.5,0.5,0.10199847389266378,0.08988316516197557
0,1.25,1.5,0.75,0.17014455823177843,0.14723844928305896
0,1.25,1.5,1.0,0.26268468301625386,0.2334041423260754
0,1.25,1.5,1.25,0.36494708048946395,0.32912904938927245
0,1.25,1.5,1.5,0.46994951655685807,0.4289697291556028
0,1.25,1.5,1.75,0.5740683263181625,0.5231014338821031
0,1.25,1.5,2.0,0.6632491004913941,0.604089219330855
0,1.25,1.75,0.0,0.056390095852512236,0.046202867764206054
0,1.25,1.75,0.25,0.060897777767358885,0.0525756771109931
0,1.25,1.75,0.5,0.06867608039686604,0.057753584705257564
0,1.25,1.75,0.75,0.08343689061686228,0.07275624004248539
0,1.25,1.75,1.0,0.12462510544245195,0.10554965480616038
0,1.25,1.75,1.25,0.1889707683633964,0.16821561338289961
0,1.25,1.75,1.5,0.2678993910026869,0.23751991502920872
0,1.25,1.75,1.75,0.3503633784249994,0.31625066383430694
0,1.25,1.75,2.0,0.4428149295962848,0.40546999468932554
0,1.25,2.0,0.0,0.04905403615538164,0.04155602761550717
0,1.25,2.0,0.25,0.05382665749283148,0.044078597981943704
0,1.25,2.0,0.5,0.05692032633535369,0.04726500265533723
0,1.25,2.0,0.75,0.06284221667676648,0.054301646309081256
0,1.25,2.0,1.0,0.07468611457213709,0.06332979288369622
0,1.25,2.0,1.25,0.0989046487667482,0.08643122676579926
0,1.25,2.0,1.5,0.14044633755728278,0.12360594795539033
0,1.25,2.0,1.75,0.1990464368753792,0.17511949017525225
0,1.25,2.0,2.0,0.2610051053877528,0.23207647371216145
0,1.5,0.0,0.0,0.8892524301090896,0.8019118428040362
0,1.5,0.0,0.25,0.8894291084852897,0.7987254381306426
0,1.5,0.0,0.5,0.8880149391295719,0.7942113648433351
0,1.5,0.0,0.75,0.8864238179017156,0.7919543281996814
0,1.5,0.0,1.0,0.8848328920281012,0.7890334572490706
0,1.5,0.0,1.25,0.883683935590925,0.786510886882634
0,1.5,0.0,1.5,0.8824464836822555,0.7841210833775889
0,1.5,0.0,1.75,0.8805902667484029,0.782129580456718
0,1.5,0.0,2.0,0.8794412321695301,0.7800053106744557
0,1.5,0.25,0.0,0.866802086227018,0.8012480084970791
0,1.5,0.25,0.25,0.8848331655240397,0.814259160913436
0,1.5,0.25,0.5,0.8931413469987532,0.8220924057355284
0,1.5,0.25,0.75,0.8992397594329727,0.8256771109930962
0,1.5,0.25,1.0,0.9005655114588939,0.8260754115772703
0,1.5,0.25,1.25,0.9012724984596318,0.8256771109930962
0,1.5,0.25,1.5,0.9008307243774352,0.8244822092405736
0,1.5,0.25,1.75,0.9002120765647972,0.8224907063197026
0,1.5,0.25,2.0,0.8995049332806658,0.8199681359532661
0,1.5,0.5,0.0,0.7367866493348383,0.6585236325013276
0,1.5,0.5,0.25,0.7935302972939923,0.7282262347318109
0,1.5,0.5,0.5,0.828619357339244,0.7673924588422729
0,1.5,0.5,0.75,0.8554885750978821,0.7942113648433351
0,1.5,0.5,1.0,0.87546413237516,0.8085501858736059
0,1.5,0.5,1.25,0.885805326372471,0.8193043016463091
0,1.5,0.5,1.5,0.893671382127353,0.8250132766861391
0,1.5,0.5,1.75,0.8975601427336232,0.8284652150823154
0,1.5,0.5,2.0,0.899062885702531,0.8284652150823154
0,1.5,0.75,0.0,0.39879876676774295,0.34811471056824217
0,1.5,0.75,0.25,0.5511769507000128,0.4885820499203399
0,1.5,0.75,0.5,0.668464824319884,0.5974508762612852
0,1.5,0.75,0.75,0.7399679540901903,0.6764471587891662
0,1.5,0.75,1.0,0.7835426944741709,0.7253053637812003
0,1.5,0.75,1.25,0.8145655731908341,0.759691980881572
0,1.5,0.75,1.5,0.838871977723365,0.7819968135953266
0,1.5,0.75,1.75,0.8559307398885622,0.7964684014869888
0,1.5,0.75,2.0,0.8663602340031249,0.8073552841210834
0,1.5,1.0,0.0,0.1718228074514359,0.14976101964949548
0,1.5,1.0,0.25,0.26383336595749174,0.2384492830589485
0,1.5,1.0,0.5,0.3781163397022723,0.3377588953797132
0,1.5,1.0,0.75,0.4841799009397711,0.44198088157195964
0,1.5,1.0,1.0,0.5933375998699721,0.5432819968135953
0,1.5,1.0,1.25,0.6746515759422033,0.6188263409453001
0,1.5,1.0,1.5,0.7322785767115082,0.6747211895910781
0,1.5,1.0,1.75,0.7686937794911646,0.7180031864046734
0,1.5,1.0,2.0,0.7968002538042308,0.7485395645246946
0,1.5,1.25,0.0,0.08246437813079592,0.07421667551779076
0,1.5,1.25,0.25,0.11543310230740708,0.1007700477960701
0,1.5,1.25,0.5,0.17924787054108826,0.1569304301646309
0,1.5,1.25,0.75,0.2591493963749285,0.233935209771641
0,1.5,1.25,1.0,0.3445301398384733,0.31133828996282525
0,1.5,1.25,1.25,0.43600933480708576,0.3980350504514073
0,1.5,1.25,1.5,0.5289915853113927,0.48579394583112057
0,1.5,1.25,1.75,0.6153448803318522,0.564259160913436
0,1.5,1.25,2.0,0.67889377144257,0.6279872543813064
0,1.5,1.5,0.0,0.06328445960914306,0.055098247477429634
0,1.5,1.5,0.25,0.07062067558966702,0.061072756240042485
0,1.5,1.5,0.5,0.08361364713475887,0.07275624004248539
0,1.5,1.5,0.75,0.11896834987788407,0.10183218268720128
0,1.5,1.5,1.0,0.1740336704756837,0.15653212958045673
0,1.5,1.5,1.25,0.24350511613223605,0.21720658523632502
0,1.5,1.5,1.5,0.31562830026572086,0.2851832182687201
0,1.5,1.5,1.75,0.3912861459069575,0.3590015932023367
0,1.5,1.5,2.0,0.47268967236358705,0.4345459373340414
0,1.5,1.75,0.0,0.05762762590287847,0.04938927243759957
0,1.5,1.75,0.25,0.060721099391158974,0.051911842804036115
0,1.5,1.75,0.5,0.06425685488266437,0.054567180031864046
0,1.5,1.75,0.75,0.0726535708997196,0.06186935740839086
0,1.5,1.75,1.0,0.08944739364231342,0.07912904938927244
0,1.5,1.75,1.25,0.12506691859549676,0.10634625597450877
0,1.5,1.75,1.5,0.17058664488076164,0.1526818906001062
0,1.5,1.75,1.75,0.2279494876444303,0.20366436537440255
0,1.5,1.75,2.0,0.2869029827857749,0.2588953797132236
0,1.5,2.0,0.0,0.05311974863379011,0.04248539564524695
0,1.5,2.0,0.25,0.05665523062935714,0.04487519915029209
0,1.5,2.0,0.5,0.058864960599002994,0.050716941051513545
0,1.5,2.0,0.75,0.06222360793497672,0.0523101433882103
0,1.5,2.0,1.0,0.06717337649880659,0.056293149229952204
0,1.5,2.0,1.25,0.07574700531715176,0.06399362719065321
0,1.5,2.0,1.5,0.09510411013603297,0.08390865639936272
0,1.5,2.0,1.75,0.12595074025582811,0.10833775889537971
0,1.5,2.0,2.0,0.16545996351564182,0.1485661178969729
0,1.75,0.0,0.0,0.8757291890103079,0.7806691449814126
0,1.75,0.0,0.25,0.8774085322137191,0.7805363781200212
0,1.75,0.0,0.5,0.8774087275679608,0.7785448751991503
0,1.75,0.0,0.75,0.876171236588443,0.7761550716941051
0,1.75,0.0,1.0,0.8751989585274667,0.7733669676048858
0,1.75,0.0,1.25,0.8743150587254386,0.7703133297928837
0,1.75,0.0,1.5,0.8729893066995175,0.7684545937334042
0,1.75,0.0,1.75,0.8731661022882623,0.7673924588422729
0,1.75,0.0,2.0,0.8725472981922309,0.7651354221986192
0,1.75,0.25,0.0,0.8449710152911578,0.771109930961232
0,1.75,0.25,0.25,0.862913325620748,0.7916887944768985
0,1.75,0.25,0.5,0.8764364495069845,0.8004514073287308
0,1.75,0.25,0.75,0.8835956354736734,0.807886351566649
0,1.75,0.25,1.0,0.8893406520846447,0.8121348911311737
0,1.75,0.25,1.25,0.8918155559019837,0.8134625597450876
0,1.75,0.25,1.5,0.8926992603497702,0.8126659585767393
0,1.75,0.25,1.75,0.8919038950900837,0.8114710568242167
0,1.75,0.25,2.0,0.8911967127351039,0.8105416887944769
0,1.75,0.5,0.0,0.6744750538493968,0.5942644715878916
0,1.75,0.5,0.25,0.7448298913869488,0.6772437599575146
0,1.75,0.5,0.5,0.7856641633974134,0.7242432288900691
0,1.75,0.5,0.75,0.8147430720548492,0.7566383430695698
0,1.75,0.5,1.0,0.8404630989512212,0.7800053106744557
0,1.75,0.5,1.25,0.8596429784020257,0.7968667020711631
0,1.75,0.5,1.5,0.8720169895676928,0.8053637812002125
0,1.75,0.5,1.75,0.8786458669098437,0.812931492299522
0,1.75,0.5,2.0,0.8843908053791181,0.8170472650026553
0,1.75,0.75,0.0,0.3220793661770699,0.2871747211895911
0,1.75,0.75,0.25,0.45465839771232364,0.40467339352097714
0,1.75,0.75,0.5,0.5659374483532223,0.5090281465746149
0,1.75,0.75,0.75,0.657681699956983,0.5924057355284121
0,1.75,0.75,1.0,0.7171650348726857,0.6582580987785449
0,1.75,0.75,1.25,0.757380619999664,0.70246946362188
0,1.75,0.75,1.5,0.7882274454737008,0.7353956452469463
0,1.75,0.75,1.75,0.811118977375244,0.7590281465746149
0,1.75,0.75,2.0,0.8317132606068564,0.77376526818906
0,1.75,1.0,0.0,0.1408874474350574,0.13050982474774298
0,1.75,1.0,0.25,0.21477925166041337,0.19264471587891663
0,1.75,1.0,0.5,0.29521042191436997,0.2683218268720127
0,1.75,1.0,0.75,0.3863362601305826,0.3497079129049389
0,1.75,1.0,1.0,0.4718945415289907,0.43295273499734466
0,1.75,1.0,1.25,0.5588669141414201,0.5165958576739246
0,1.75,1.0,1.5,0.6347897382761081,0.5827137546468402
0,1.75,1.0,1.75,0.6902953482638674,0.63688263409453
0,1.75,1.0,2.0,0.7304223597776556,0.6802973977695167
0,1.75,1.25,0.0,0.08016646525644347,0.07129580456718003
0,1.75,1.25,0.25,0.09784379709258188,0.08682952734997344
0,1.75,1.25,0.5,0.14088830699372093,0.12227827934147636
0,1.75,1.25,0.75,0.19922327153497252,0.17843866171003717
0,1.75,1.25,1.0,0.26383371759512675,0.24004248539564524
0,1.75,1.25,1.25,0.3317146280865482,0.2997875730217738
0,1.75,1.25,1.5,0.4049857918860006,0.369490175252257
0,1.75,1.25,1.75,0.48020260579115925,0.44264471587891663
0,1.75,1.25,2.0,0.5546237809406932,0.5130111524163569
0,1.75,1.5,0.0,0.06407998115222277,0.05496548061603824
0,1.75,1.5,0.25,0.06805754979677299,0.06014338821030271
0,1.75,1.5,0.5,0.07592391811844171,0.06638343069569835
0,1.75,1.5,0.75,0.09510418827772965,0.08297928836962294
0,1.75,1.5,1.0,0.1297514351699367,0.11192246415294742
0,1.75,1.5,1.25,0.17924822217872335,0.15852363250132767
0,1.75,1.5,1.5,0.2330753485217349,0.20910780669144982
0,1.75,1.5,1.75,0.28707970023282314,0.26367498672331385
0,1.75,1.5,2.0,0.3460324920988977,0.31625066383430694
0,1.75,1.75,0.0,0.05815785638571992,0.050053106744556555
0,1.75,1.75,0.25,0.060190907979165854,0.05031864046733935
0,1.75,1.75,0.5,0.0626658508673533,0.05377057886351567
0,1.75,1.75,0.75,0.06770388047758642,0.05735528412108338
0,1.75,1.75,1.0,0.07548194868200353,0.06545406266595857
0,1.75,1.75,1.25,0.09475051895854311,0.08258098778544876
0,1.75,1.75,1.5,0.12462498822990695,0.10581518852894317
0,1.75,1.75,1.75,0.1621897335094647,0.14418481147105683
0,1.75,1.75,2.0,0.2056757439968618,0.18481147105682422
0,1.75,2.0,0.0,0.055594691521977546,0.04460966542750929
0,1.75,2.0,0.25,0.05718577367898531,0.047663303239511415
0,1.75,2.0,0.5,0.05877654326920635,0.05045140732873075
0,1.75,2.0,0.75,0.061251408015697104,0.05058417419012214
0,1.75,2.0,1.0,0.0627541509846049,0.05350504514073287
0,1.75,2.0,1.25,0.06761561943118313,0.057886351566648966
0,1.75,2.0,1.5,0.07636573127148652,0.06678173127987254
0,1.75,2.0,1.75,0.09377843625180848,0.08258098778544876
0,1.75,2.0,2.0,0.11773085889836617,0.10236325013276686
0,2.0,0.0,0.0,0.8637973817061692,0.7603558151885289
0,2.0,0.0,0.25,0.8661837119103183,0.7598247477429634
0,2.0,0.0,0.5,0.867155794617053,0.7606213489113117
0,2.0,0.0,0.75,0.8666254078508182,0.7574349442379182
0,2.0,0.0,1.0,0.8662719729567216,0.7561072756240043
0,2.0,0.0,1.25,0.8649462600016488,0.7550451407328731
0,2.0,0.0,1.5,0.8641506993877208,0.7541157727031333
0,2.0,0.0,1.75,0.8640622820579242,0.7530536378120021
0,2.0,0.0,2.0,0.8622944824538681,0.7523898035050451
0,2.0,0.25,0.0,0.8173948886734783,0.7436271906532129
0,2.0,0.25,0.25,0.8396678509040798,0.7685873605947955
0,2.0,0.25,0.5,0.8553120530050755,0.7823951141795008
0,2.0,0.25,0.75,0.8667139033223114,0.7894317578332448
0,2.0,0.25,1.0,0.8738732846432422,0.7956718003186405
0,2.0,0.25,1.25,0.8783807321329988,0.798194370685077
0,2.0,0.25,1.5,0.8820930097173107,0.8005841741901222
0,2.0,0.25,1.75,0.8828885312603904,0.8003186404673394
0,2.0,0.25,2.0,0.8839491485094666,0.7987254381306426
0,2.0,0.5,0.0,0.6203833006505687,0.5468667020711631
0,2.0,0.5,0.25,0.6964829203740018,0.6306425916091344
0,2.0,0.5,0.5,0.7458022085187734,0.6816250663834307
0,2.0,0.5,0.75,0.7771791081922582,0.7215878916622411
0,2.0,0.5,1.0,0.8033413780210068,0.7458842272968667
0,2.0,0.5,1.25,0.8275588573027127,0.7683218268720128
0,2.0,0.5,1.5,0.8446176976096064,0.7826606479022836
0,2.0,0.5,1.75,0.8568146396905902,0.7932819968135953
0,2.0,0.5,2.0,0.8667135516846762,0.8012480084970791
0,2.0,0.75,0.0,0.27514687708662755,0.24707912904938928
0,2.0,0.75,0.25,0.3913741725282707,0.34731810939989377
0,2.0,0.75,0.5,0.48815731330092793,0.4391927774827403
0,2.0,0.75,0.75,0.5770742029644615,0.5261550716941051
0,2.0,0.75,1.0,0.6491964493975861,0.5925385023898035
0,2.0,0.75,1.25,0.7005485547107135,0.6436537440254912
0,2.0,0.75,1.5,0.7380240231018111,0.6840148698884758
0,2.0,0.75,1.75,0.7678985314440234,0.7146840148698885
0,2.0,0.75,2.0,0.7898179415679835,0.7396441848114711
0,2.0,1.0,0.0,0.1268339758534343,0.12028677642060542
0,2.0,1.0,0.25,0.18172246179164064,0.161311736590547
0,2.0,1.0,0.5,0.24739407209274794,0.22782793414763675
0,2.0,1.0,0.75,0.32057802975870237,0.29328199681359535
0,2.0,1.0,1.0,0.3934072241217167,0.36046202867764204
0,2.0,1.0,1.25,0.4653536126664565,0.43016463090812534
0,2.0,1.0,1.5,0.5405706219258568,0.4985395645246946
0,2.0,1.0,1.75,0.6088043421778012,0.5624004248539565
0,2.0,1.0,2.0,0.6581231224015444,0.6113913967073819
0,2.0,1.25,0.0,0.07813353087554256,0.07076473712161445
0,2.0,1.25,0.25,0.09121476346703769,0.08098778544875199
0,2.0,1.25,0.5,0.11994031537207366,0.10581518852894317
0,2.0,1.25,0.75,0.1632502726168443,0.14365374402549125
0,2.0,1.25,1.0,0.21619381172461463,0.19596388741370155
0,2.0,1.25,1.25,0.26772275169733534,0.24402549123738715
0,2.0,1.25,1.5,0.3253506901670005,0.2940785979819437
0,2.0,1.25,1.75,0.38562962476747964,0.35369091874668085
0,2.0,1.25,2.0,0.4469691375461866,0.41330323951141795
0,2.0,1.5,0.0,0.06381492451707456,0.05443441317047265
0,2.0,1.5,0.25,0.06611303274566871,0.057886351566648966
0,2.0,1.5,0.5,0.0730955794070061,0.06279872543813064
0,2.0,1.5,0.75,0.08396712109970372,0.07434944237918216
0,2.0,1.5,1.0,0.10624074753472715,0.09240573552841211
0,2.0,1.5,1.25,0.13876703342472002,0.12426978226234732
0,2.0,1.5,1.5,0.18092752631128606,0.16317047265002654
0,2.0,1.5,1.75,0.2278604451810602,0.20499203398831653
0,2.0,1.5,2.0,0.2728492767790618,0.2460169941582581
0,2.0,1.75,0.0,0.058865038740699684,0.04872543813064259
0,2.0,1.75,0.25,0.06072125567455233,0.05018587360594796
0,2.0,1.75,0.5,0.06204716398386686,0.05270844397238449
0,2.0,1.75,0.75,0.06461032884760924,0.05469994689325544
0,2.0,1.75,1.0,0.06885287598561099,0.05974508762612852
0,2.0,1.75,1.25,0.07884075230137064,0.06917153478491768
0,2.0,1.75,1.5,0.09899298795484816,0.08590015932023366
0,2.0,1.75,1.75,0.12444850520794873,0.10780669144981413
0,2.0,1.75,2.0,0.1548535565997891,0.13913967073818376
0,2.0,2.0,0.0,0.05585990444051912,0.045406266595857676
0,2.0,2.0,0.25,0.05798117800952,0.04965480616038237
0,2.0,2.0,0.5,0.05886507781154802,0.04938927243759957
0,2.0,2.0,0.75,0.0605444600858074,0.05164630908125332
0,2.0,2.0,1.0,0.06195874665407022,0.0524429102496017
0,2.0,2.0,1.25,0.0647872416488992,0.05483271375464684
0,2.0,2.0,1.5,0.06858789749215946,0.05921402018056293
0,2.0,2.0,1.75,0.07645407045958649,0.06704726500265534
0,2.0,2.0,2.0,0.09094990218613117,0.08165161975570898
